openssl   , 3.0.7   , gcc   , gcc (Debian 10.2.1-6) 10.2.1 20210110           , BN_mod_exp_mont_consttime_x2    , 10 , 1024 , 7362  
openssl   , 3.0.7   , gcc   , gcc (Debian 10.2.1-6) 10.2.1 20210110           , BN_mod_exp_mont                 , 10 , 1024 , 8349  
openssl   , 3.0.7   , gcc   , gcc (Debian 10.2.1-6) 10.2.1 20210110           , BN_mod_exp_mont_consttime       , 10 , 1024 , 7360  
openssl   , 3.0.7   , gcc   , gcc (Debian 10.2.1-6) 10.2.1 20210110           , EVP_PKEY_sign_crt               , 10 , 1024 , 24797 
openssl   , 3.0.7   , gcc   , gcc (Debian 10.2.1-6) 10.2.1 20210110           , EVP_PKEY_sign                   , 10 , 1024 , 7287  
openssl   , 3.0.7   , gcc   , gcc (Debian 10.2.1-6) 10.2.1 20210110           , EVP_PKEY_verify                 , 10 , 1024 , 486220
gmp       , 6.2.1   , gcc   , gcc (Debian 10.2.1-6) 10.2.1 20210110           , mpz_powm                        , 10 , 1024 , 8273  
gmp       , 6.2.1   , gcc   , gcc (Debian 10.2.1-6) 10.2.1 20210110           , mpz_powm_sec                    , 10 , 1024 , 7634  
gmp       , 6.1.2   , gcc   , gcc (Debian 10.2.1-6) 10.2.1 20210110           , mpz_powm                        , 10 , 1024 , 8188  
gmp       , 6.1.2   , gcc   , gcc (Debian 10.2.1-6) 10.2.1 20210110           , mpz_powm_sec                    , 10 , 1024 , 7507  
gmp       , 5.1.3   , gcc   , gcc (Debian 10.2.1-6) 10.2.1 20210110           , mpz_powm                        , 10 , 1024 , 7582  
gmp       , 5.1.3   , gcc   , gcc (Debian 10.2.1-6) 10.2.1 20210110           , mpz_powm_sec                    , 10 , 1024 , 6603  
nettle    , 3.8.1   , gcc   , gcc (Debian 10.2.1-6) 10.2.1 20210110           , rsa_sha1_sign_digest            , 10 , 1024 , 27130 
nettle    , 3.8.1   , gcc   , gcc (Debian 10.2.1-6) 10.2.1 20210110           , rsa_sha1_verify_digest          , 10 , 1024 , 488654
mbedtls   , 3.3.0   , gcc   , gcc (Debian 10.2.1-6) 10.2.1 20210110           , mbedtls_rsa_public              , 10 , 1024 , 329172
mbedtls   , 3.3.0   , gcc   , gcc (Debian 10.2.1-6) 10.2.1 20210110           , mbedtls_rsa_private             , 10 , 1024 , 4118  
mbedtls   , 3.3.0   , gcc   , gcc (Debian 10.2.1-6) 10.2.1 20210110           , mbedtls_mpi_exp_mod             , 10 , 1024 , 3065  
mbedtls   , 2.28.2  , gcc   , gcc (Debian 10.2.1-6) 10.2.1 20210110           , mbedtls_rsa_public              , 10 , 1024 , 341451
mbedtls   , 2.28.2  , gcc   , gcc (Debian 10.2.1-6) 10.2.1 20210110           , mbedtls_rsa_private             , 10 , 1024 , 4262  
mbedtls   , 2.28.2  , gcc   , gcc (Debian 10.2.1-6) 10.2.1 20210110           , mbedtls_mpi_exp_mod             , 10 , 1024 , 3120  
libgcrypt , 1.10.1  , gcc   , gcc (Debian 10.2.1-6) 10.2.1 20210110           , gcry_pk_verify                  , 10 , 1024 , 376775
libgcrypt , 1.10.1  , gcc   , gcc (Debian 10.2.1-6) 10.2.1 20210110           , gcry_pk_sign                    , 10 , 1024 , 4700  
libgcrypt , 1.10.1  , gcc   , gcc (Debian 10.2.1-6) 10.2.1 20210110           , gcry_mpi_powm                   , 10 , 1024 , 4638  
libgcrypt , 1.10.1  , gcc   , gcc (Debian 10.2.1-6) 10.2.1 20210110           , gcry_pk_sign_crt                , 10 , 1024 , 9306  
libgcrypt , 1.8.10  , gcc   , gcc (Debian 10.2.1-6) 10.2.1 20210110           , gcry_pk_verify                  , 10 , 1024 , 371333
libgcrypt , 1.8.10  , gcc   , gcc (Debian 10.2.1-6) 10.2.1 20210110           , gcry_pk_sign                    , 10 , 1024 , 4794  
libgcrypt , 1.8.10  , gcc   , gcc (Debian 10.2.1-6) 10.2.1 20210110           , gcry_mpi_powm                   , 10 , 1024 , 4689  
libgcrypt , 1.8.10  , gcc   , gcc (Debian 10.2.1-6) 10.2.1 20210110           , gcry_pk_sign_crt                , 10 , 1024 , 9399  
openssl   , 3.0.7   , gcc   , gcc (Debian 10.2.1-6) 10.2.1 20210110           , BN_mod_exp_mont_consttime_x2    , 10 , 1024 , 7202  
openssl   , 3.0.7   , gcc   , gcc (Debian 10.2.1-6) 10.2.1 20210110           , BN_mod_exp_mont                 , 10 , 1024 , 8200  
openssl   , 3.0.7   , gcc   , gcc (Debian 10.2.1-6) 10.2.1 20210110           , BN_mod_exp_mont_consttime       , 10 , 1024 , 7222  
openssl   , 3.0.7   , gcc   , gcc (Debian 10.2.1-6) 10.2.1 20210110           , EVP_PKEY_sign_crt               , 10 , 1024 , 24195 
openssl   , 3.0.7   , gcc   , gcc (Debian 10.2.1-6) 10.2.1 20210110           , EVP_PKEY_sign                   , 10 , 1024 , 7124  
openssl   , 3.0.7   , gcc   , gcc (Debian 10.2.1-6) 10.2.1 20210110           , EVP_PKEY_verify                 , 10 , 1024 , 476254
gmp       , 6.2.1   , gcc   , gcc (Debian 10.2.1-6) 10.2.1 20210110           , mpz_powm                        , 10 , 1024 , 8310  
gmp       , 6.2.1   , gcc   , gcc (Debian 10.2.1-6) 10.2.1 20210110           , mpz_powm_sec                    , 10 , 1024 , 7589  
gmp       , 6.1.2   , gcc   , gcc (Debian 10.2.1-6) 10.2.1 20210110           , mpz_powm                        , 10 , 1024 , 8067  
gmp       , 6.1.2   , gcc   , gcc (Debian 10.2.1-6) 10.2.1 20210110           , mpz_powm_sec                    , 10 , 1024 , 7382  
gmp       , 5.1.3   , gcc   , gcc (Debian 10.2.1-6) 10.2.1 20210110           , mpz_powm                        , 10 , 1024 , 7564  
gmp       , 5.1.3   , gcc   , gcc (Debian 10.2.1-6) 10.2.1 20210110           , mpz_powm_sec                    , 10 , 1024 , 6530  
nettle    , 3.8.1   , gcc   , gcc (Debian 10.2.1-6) 10.2.1 20210110           , rsa_sha1_sign_digest            , 10 , 1024 , 26791 
nettle    , 3.8.1   , gcc   , gcc (Debian 10.2.1-6) 10.2.1 20210110           , rsa_sha1_verify_digest          , 10 , 1024 , 482567
mbedtls   , 3.3.0   , gcc   , gcc (Debian 10.2.1-6) 10.2.1 20210110           , mbedtls_rsa_public              , 10 , 1024 , 328588
mbedtls   , 3.3.0   , gcc   , gcc (Debian 10.2.1-6) 10.2.1 20210110           , mbedtls_rsa_private             , 10 , 1024 , 4056  
mbedtls   , 3.3.0   , gcc   , gcc (Debian 10.2.1-6) 10.2.1 20210110           , mbedtls_mpi_exp_mod             , 10 , 1024 , 3044  
mbedtls   , 2.28.2  , gcc   , gcc (Debian 10.2.1-6) 10.2.1 20210110           , mbedtls_rsa_public              , 10 , 1024 , 340942
mbedtls   , 2.28.2  , gcc   , gcc (Debian 10.2.1-6) 10.2.1 20210110           , mbedtls_rsa_private             , 10 , 1024 , 4259  
mbedtls   , 2.28.2  , gcc   , gcc (Debian 10.2.1-6) 10.2.1 20210110           , mbedtls_mpi_exp_mod             , 10 , 1024 , 3137  
libgcrypt , 1.10.1  , gcc   , gcc (Debian 10.2.1-6) 10.2.1 20210110           , gcry_pk_verify                  , 10 , 1024 , 375745
libgcrypt , 1.10.1  , gcc   , gcc (Debian 10.2.1-6) 10.2.1 20210110           , gcry_pk_sign                    , 10 , 1024 , 4596  
libgcrypt , 1.10.1  , gcc   , gcc (Debian 10.2.1-6) 10.2.1 20210110           , gcry_mpi_powm                   , 10 , 1024 , 4679  
libgcrypt , 1.10.1  , gcc   , gcc (Debian 10.2.1-6) 10.2.1 20210110           , gcry_pk_sign_crt                , 10 , 1024 , 9234  
libgcrypt , 1.8.10  , gcc   , gcc (Debian 10.2.1-6) 10.2.1 20210110           , gcry_pk_verify                  , 10 , 1024 , 368371
libgcrypt , 1.8.10  , gcc   , gcc (Debian 10.2.1-6) 10.2.1 20210110           , gcry_pk_sign                    , 10 , 1024 , 4585  
libgcrypt , 1.8.10  , gcc   , gcc (Debian 10.2.1-6) 10.2.1 20210110           , gcry_mpi_powm                   , 10 , 1024 , 4694  
libgcrypt , 1.8.10  , gcc   , gcc (Debian 10.2.1-6) 10.2.1 20210110           , gcry_pk_sign_crt                , 10 , 1024 , 9410  
openssl   , 3.0.7   , gcc   , gcc (Debian 10.2.1-6) 10.2.1 20210110           , BN_mod_exp_mont_consttime_x2    , 10 , 1536 , 2306  
openssl   , 3.0.7   , gcc   , gcc (Debian 10.2.1-6) 10.2.1 20210110           , BN_mod_exp_mont                 , 10 , 1536 , 2542  
openssl   , 3.0.7   , gcc   , gcc (Debian 10.2.1-6) 10.2.1 20210110           , BN_mod_exp_mont_consttime       , 10 , 1536 , 2305  
openssl   , 3.0.7   , gcc   , gcc (Debian 10.2.1-6) 10.2.1 20210110           , EVP_PKEY_sign_crt               , 10 , 1536 , 6800  
openssl   , 3.0.7   , gcc   , gcc (Debian 10.2.1-6) 10.2.1 20210110           , EVP_PKEY_sign                   , 10 , 1536 , 2282  
openssl   , 3.0.7   , gcc   , gcc (Debian 10.2.1-6) 10.2.1 20210110           , EVP_PKEY_verify                 , 10 , 1536 , 222953
gmp       , 6.2.1   , gcc   , gcc (Debian 10.2.1-6) 10.2.1 20210110           , mpz_powm                        , 10 , 1536 , 2698  
gmp       , 6.2.1   , gcc   , gcc (Debian 10.2.1-6) 10.2.1 20210110           , mpz_powm_sec                    , 10 , 1536 , 1900  
gmp       , 6.1.2   , gcc   , gcc (Debian 10.2.1-6) 10.2.1 20210110           , mpz_powm                        , 10 , 1536 , 2517  
gmp       , 6.1.2   , gcc   , gcc (Debian 10.2.1-6) 10.2.1 20210110           , mpz_powm_sec                    , 10 , 1536 , 2312  
gmp       , 5.1.3   , gcc   , gcc (Debian 10.2.1-6) 10.2.1 20210110           , mpz_powm                        , 10 , 1536 , 2382  
gmp       , 5.1.3   , gcc   , gcc (Debian 10.2.1-6) 10.2.1 20210110           , mpz_powm_sec                    , 10 , 1536 , 2064  
nettle    , 3.8.1   , gcc   , gcc (Debian 10.2.1-6) 10.2.1 20210110           , rsa_sha1_sign_digest            , 10 , 1536 , 8767  
nettle    , 3.8.1   , gcc   , gcc (Debian 10.2.1-6) 10.2.1 20210110           , rsa_sha1_verify_digest          , 10 , 1536 , 233233
mbedtls   , 3.3.0   , gcc   , gcc (Debian 10.2.1-6) 10.2.1 20210110           , mbedtls_rsa_public              , 10 , 1536 , 156713
mbedtls   , 3.3.0   , gcc   , gcc (Debian 10.2.1-6) 10.2.1 20210110           , mbedtls_rsa_private             , 10 , 1536 , 2128  
mbedtls   , 3.3.0   , gcc   , gcc (Debian 10.2.1-6) 10.2.1 20210110           , mbedtls_mpi_exp_mod             , 10 , 1536 , 1192  
mbedtls   , 2.28.2  , gcc   , gcc (Debian 10.2.1-6) 10.2.1 20210110           , mbedtls_rsa_public              , 10 , 1536 , 161654
mbedtls   , 2.28.2  , gcc   , gcc (Debian 10.2.1-6) 10.2.1 20210110           , mbedtls_rsa_private             , 10 , 1536 , 2195  
mbedtls   , 2.28.2  , gcc   , gcc (Debian 10.2.1-6) 10.2.1 20210110           , mbedtls_mpi_exp_mod             , 10 , 1536 , 1215  
libgcrypt , 1.10.1  , gcc   , gcc (Debian 10.2.1-6) 10.2.1 20210110           , gcry_pk_verify                  , 10 , 1536 , 192046
libgcrypt , 1.10.1  , gcc   , gcc (Debian 10.2.1-6) 10.2.1 20210110           , gcry_pk_sign                    , 10 , 1536 , 1574  
libgcrypt , 1.10.1  , gcc   , gcc (Debian 10.2.1-6) 10.2.1 20210110           , gcry_mpi_powm                   , 10 , 1536 , 1626  
libgcrypt , 1.10.1  , gcc   , gcc (Debian 10.2.1-6) 10.2.1 20210110           , gcry_pk_sign_crt                , 10 , 1536 , 3539  
libgcrypt , 1.8.10  , gcc   , gcc (Debian 10.2.1-6) 10.2.1 20210110           , gcry_pk_verify                  , 10 , 1536 , 186920
libgcrypt , 1.8.10  , gcc   , gcc (Debian 10.2.1-6) 10.2.1 20210110           , gcry_pk_sign                    , 10 , 1536 , 1579  
libgcrypt , 1.8.10  , gcc   , gcc (Debian 10.2.1-6) 10.2.1 20210110           , gcry_mpi_powm                   , 10 , 1536 , 1642  
libgcrypt , 1.8.10  , gcc   , gcc (Debian 10.2.1-6) 10.2.1 20210110           , gcry_pk_sign_crt                , 10 , 1536 , 3617  
openssl   , 3.0.7   , gcc   , gcc (Debian 10.2.1-6) 10.2.1 20210110           , BN_mod_exp_mont_consttime_x2    , 10 , 2048 , 1004  
openssl   , 3.0.7   , gcc   , gcc (Debian 10.2.1-6) 10.2.1 20210110           , BN_mod_exp_mont                 , 10 , 2048 , 1094  
openssl   , 3.0.7   , gcc   , gcc (Debian 10.2.1-6) 10.2.1 20210110           , BN_mod_exp_mont_consttime       , 10 , 2048 , 1009  
openssl   , 3.0.7   , gcc   , gcc (Debian 10.2.1-6) 10.2.1 20210110           , EVP_PKEY_sign_crt               , 10 , 2048 , 3514  
openssl   , 3.0.7   , gcc   , gcc (Debian 10.2.1-6) 10.2.1 20210110           , EVP_PKEY_sign                   , 10 , 2048 , 1005  
openssl   , 3.0.7   , gcc   , gcc (Debian 10.2.1-6) 10.2.1 20210110           , EVP_PKEY_verify                 , 10 , 2048 , 127410
gmp       , 6.2.1   , gcc   , gcc (Debian 10.2.1-6) 10.2.1 20210110           , mpz_powm                        , 10 , 2048 , 1179  
gmp       , 6.2.1   , gcc   , gcc (Debian 10.2.1-6) 10.2.1 20210110           , mpz_powm_sec                    , 10 , 2048 , 821   
gmp       , 6.1.2   , gcc   , gcc (Debian 10.2.1-6) 10.2.1 20210110           , mpz_powm                        , 10 , 2048 , 1154  
gmp       , 6.1.2   , gcc   , gcc (Debian 10.2.1-6) 10.2.1 20210110           , mpz_powm_sec                    , 10 , 2048 , 812   
gmp       , 5.1.3   , gcc   , gcc (Debian 10.2.1-6) 10.2.1 20210110           , mpz_powm                        , 10 , 2048 , 1054  
gmp       , 5.1.3   , gcc   , gcc (Debian 10.2.1-6) 10.2.1 20210110           , mpz_powm_sec                    , 10 , 2048 , 910   
nettle    , 3.8.1   , gcc   , gcc (Debian 10.2.1-6) 10.2.1 20210110           , rsa_sha1_sign_digest            , 10 , 2048 , 3831  
nettle    , 3.8.1   , gcc   , gcc (Debian 10.2.1-6) 10.2.1 20210110           , rsa_sha1_verify_digest          , 10 , 2048 , 135720
mbedtls   , 3.3.0   , gcc   , gcc (Debian 10.2.1-6) 10.2.1 20210110           , mbedtls_rsa_public              , 10 , 2048 , 90132 
mbedtls   , 3.3.0   , gcc   , gcc (Debian 10.2.1-6) 10.2.1 20210110           , mbedtls_rsa_private             , 10 , 2048 , 1226  
mbedtls   , 3.3.0   , gcc   , gcc (Debian 10.2.1-6) 10.2.1 20210110           , mbedtls_mpi_exp_mod             , 10 , 2048 , 578   
mbedtls   , 2.28.2  , gcc   , gcc (Debian 10.2.1-6) 10.2.1 20210110           , mbedtls_rsa_public              , 10 , 2048 , 92595 
mbedtls   , 2.28.2  , gcc   , gcc (Debian 10.2.1-6) 10.2.1 20210110           , mbedtls_rsa_private             , 10 , 2048 , 1252  
mbedtls   , 2.28.2  , gcc   , gcc (Debian 10.2.1-6) 10.2.1 20210110           , mbedtls_mpi_exp_mod             , 10 , 2048 , 590   
libgcrypt , 1.10.1  , gcc   , gcc (Debian 10.2.1-6) 10.2.1 20210110           , gcry_pk_verify                  , 10 , 2048 , 121737
libgcrypt , 1.10.1  , gcc   , gcc (Debian 10.2.1-6) 10.2.1 20210110           , gcry_pk_sign                    , 10 , 2048 , 765   
libgcrypt , 1.10.1  , gcc   , gcc (Debian 10.2.1-6) 10.2.1 20210110           , gcry_mpi_powm                   , 10 , 2048 , 769   
libgcrypt , 1.10.1  , gcc   , gcc (Debian 10.2.1-6) 10.2.1 20210110           , gcry_pk_sign_crt                , 10 , 2048 , 1823  
libgcrypt , 1.8.10  , gcc   , gcc (Debian 10.2.1-6) 10.2.1 20210110           , gcry_pk_verify                  , 10 , 2048 , 119321
libgcrypt , 1.8.10  , gcc   , gcc (Debian 10.2.1-6) 10.2.1 20210110           , gcry_pk_sign                    , 10 , 2048 , 792   
libgcrypt , 1.8.10  , gcc   , gcc (Debian 10.2.1-6) 10.2.1 20210110           , gcry_mpi_powm                   , 10 , 2048 , 789   
libgcrypt , 1.8.10  , gcc   , gcc (Debian 10.2.1-6) 10.2.1 20210110           , gcry_pk_sign_crt                , 10 , 2048 , 1847  
openssl   , 3.0.7   , gcc   , gcc (Debian 10.2.1-6) 10.2.1 20210110           , BN_mod_exp_mont_consttime_x2    , 10 , 3072 , 364   
openssl   , 3.0.7   , gcc   , gcc (Debian 10.2.1-6) 10.2.1 20210110           , BN_mod_exp_mont                 , 10 , 3072 , 388   
openssl   , 3.0.7   , gcc   , gcc (Debian 10.2.1-6) 10.2.1 20210110           , BN_mod_exp_mont_consttime       , 10 , 3072 , 365   
openssl   , 3.0.7   , gcc   , gcc (Debian 10.2.1-6) 10.2.1 20210110           , EVP_PKEY_sign_crt               , 10 , 3072 , 1125  
openssl   , 3.0.7   , gcc   , gcc (Debian 10.2.1-6) 10.2.1 20210110           , EVP_PKEY_sign                   , 10 , 3072 , 365   
openssl   , 3.0.7   , gcc   , gcc (Debian 10.2.1-6) 10.2.1 20210110           , EVP_PKEY_verify                 , 10 , 3072 , 68726 
gmp       , 6.2.1   , gcc   , gcc (Debian 10.2.1-6) 10.2.1 20210110           , mpz_powm                        , 10 , 3072 , 446   
gmp       , 6.2.1   , gcc   , gcc (Debian 10.2.1-6) 10.2.1 20210110           , mpz_powm_sec                    , 10 , 3072 , 243   
gmp       , 6.1.2   , gcc   , gcc (Debian 10.2.1-6) 10.2.1 20210110           , mpz_powm                        , 10 , 3072 , 350   
gmp       , 6.1.2   , gcc   , gcc (Debian 10.2.1-6) 10.2.1 20210110           , mpz_powm_sec                    , 10 , 3072 , 245   
gmp       , 5.1.3   , gcc   , gcc (Debian 10.2.1-6) 10.2.1 20210110           , mpz_powm                        , 10 , 3072 , 319   
gmp       , 5.1.3   , gcc   , gcc (Debian 10.2.1-6) 10.2.1 20210110           , mpz_powm_sec                    , 10 , 3072 , 284   
nettle    , 3.8.1   , gcc   , gcc (Debian 10.2.1-6) 10.2.1 20210110           , rsa_sha1_sign_digest            , 10 , 3072 , 953   
nettle    , 3.8.1   , gcc   , gcc (Debian 10.2.1-6) 10.2.1 20210110           , rsa_sha1_verify_digest          , 10 , 3072 , 74094 
mbedtls   , 3.3.0   , gcc   , gcc (Debian 10.2.1-6) 10.2.1 20210110           , mbedtls_rsa_public              , 10 , 3072 , 40381 
mbedtls   , 3.3.0   , gcc   , gcc (Debian 10.2.1-6) 10.2.1 20210110           , mbedtls_rsa_private             , 10 , 3072 , 512   
mbedtls   , 3.3.0   , gcc   , gcc (Debian 10.2.1-6) 10.2.1 20210110           , mbedtls_mpi_exp_mod             , 10 , 3072 , 198   
mbedtls   , 2.28.2  , gcc   , gcc (Debian 10.2.1-6) 10.2.1 20210110           , mbedtls_rsa_public              , 10 , 3072 , 42293 
mbedtls   , 2.28.2  , gcc   , gcc (Debian 10.2.1-6) 10.2.1 20210110           , mbedtls_rsa_private             , 10 , 3072 , 525   
mbedtls   , 2.28.2  , gcc   , gcc (Debian 10.2.1-6) 10.2.1 20210110           , mbedtls_mpi_exp_mod             , 10 , 3072 , 199   
libgcrypt , 1.10.1  , gcc   , gcc (Debian 10.2.1-6) 10.2.1 20210110           , gcry_pk_verify                  , 10 , 3072 , 58042 
libgcrypt , 1.10.1  , gcc   , gcc (Debian 10.2.1-6) 10.2.1 20210110           , gcry_pk_sign                    , 10 , 3072 , 259   
libgcrypt , 1.10.1  , gcc   , gcc (Debian 10.2.1-6) 10.2.1 20210110           , gcry_mpi_powm                   , 10 , 3072 , 264   
libgcrypt , 1.10.1  , gcc   , gcc (Debian 10.2.1-6) 10.2.1 20210110           , gcry_pk_sign_crt                , 10 , 3072 , 634   
libgcrypt , 1.8.10  , gcc   , gcc (Debian 10.2.1-6) 10.2.1 20210110           , gcry_pk_verify                  , 10 , 3072 , 58724 
libgcrypt , 1.8.10  , gcc   , gcc (Debian 10.2.1-6) 10.2.1 20210110           , gcry_pk_sign                    , 10 , 3072 , 261   
libgcrypt , 1.8.10  , gcc   , gcc (Debian 10.2.1-6) 10.2.1 20210110           , gcry_mpi_powm                   , 10 , 3072 , 262   
libgcrypt , 1.8.10  , gcc   , gcc (Debian 10.2.1-6) 10.2.1 20210110           , gcry_pk_sign_crt                , 10 , 3072 , 643   
openssl   , 3.0.7   , gcc   , gcc (Debian 10.2.1-6) 10.2.1 20210110           , BN_mod_exp_mont_consttime_x2    , 10 , 4096 , 162   
openssl   , 3.0.7   , gcc   , gcc (Debian 10.2.1-6) 10.2.1 20210110           , BN_mod_exp_mont                 , 10 , 4096 , 171   
openssl   , 3.0.7   , gcc   , gcc (Debian 10.2.1-6) 10.2.1 20210110           , BN_mod_exp_mont_consttime       , 10 , 4096 , 162   
openssl   , 3.0.7   , gcc   , gcc (Debian 10.2.1-6) 10.2.1 20210110           , EVP_PKEY_sign_crt               , 10 , 4096 , 493   
openssl   , 3.0.7   , gcc   , gcc (Debian 10.2.1-6) 10.2.1 20210110           , EVP_PKEY_sign                   , 10 , 4096 , 162   
openssl   , 3.0.7   , gcc   , gcc (Debian 10.2.1-6) 10.2.1 20210110           , EVP_PKEY_verify                 , 10 , 4096 , 40208 
gmp       , 6.2.1   , gcc   , gcc (Debian 10.2.1-6) 10.2.1 20210110           , mpz_powm                        , 10 , 4096 , 208   
gmp       , 6.2.1   , gcc   , gcc (Debian 10.2.1-6) 10.2.1 20210110           , mpz_powm_sec                    , 10 , 4096 , 106   
gmp       , 6.1.2   , gcc   , gcc (Debian 10.2.1-6) 10.2.1 20210110           , mpz_powm                        , 10 , 4096 , 201   
gmp       , 6.1.2   , gcc   , gcc (Debian 10.2.1-6) 10.2.1 20210110           , mpz_powm_sec                    , 10 , 4096 , 105   
gmp       , 5.1.3   , gcc   , gcc (Debian 10.2.1-6) 10.2.1 20210110           , mpz_powm                        , 10 , 4096 , 146   
gmp       , 5.1.3   , gcc   , gcc (Debian 10.2.1-6) 10.2.1 20210110           , mpz_powm_sec                    , 10 , 4096 , 124   
nettle    , 3.8.1   , gcc   , gcc (Debian 10.2.1-6) 10.2.1 20210110           , rsa_sha1_sign_digest            , 10 , 4096 , 411   
nettle    , 3.8.1   , gcc   , gcc (Debian 10.2.1-6) 10.2.1 20210110           , rsa_sha1_verify_digest          , 10 , 4096 , 46255 
mbedtls   , 3.3.0   , gcc   , gcc (Debian 10.2.1-6) 10.2.1 20210110           , mbedtls_rsa_public              , 10 , 4096 , 23374 
mbedtls   , 3.3.0   , gcc   , gcc (Debian 10.2.1-6) 10.2.1 20210110           , mbedtls_rsa_private             , 10 , 4096 , 253   
mbedtls   , 3.3.0   , gcc   , gcc (Debian 10.2.1-6) 10.2.1 20210110           , mbedtls_mpi_exp_mod             , 10 , 4096 , 90    
mbedtls   , 2.28.2  , gcc   , gcc (Debian 10.2.1-6) 10.2.1 20210110           , mbedtls_rsa_public              , 10 , 4096 , 23901 
mbedtls   , 2.28.2  , gcc   , gcc (Debian 10.2.1-6) 10.2.1 20210110           , mbedtls_rsa_private             , 10 , 4096 , 260   
mbedtls   , 2.28.2  , gcc   , gcc (Debian 10.2.1-6) 10.2.1 20210110           , mbedtls_mpi_exp_mod             , 10 , 4096 , 90    
libgcrypt , 1.10.1  , gcc   , gcc (Debian 10.2.1-6) 10.2.1 20210110           , gcry_pk_verify                  , 10 , 4096 , 35837 
libgcrypt , 1.10.1  , gcc   , gcc (Debian 10.2.1-6) 10.2.1 20210110           , gcry_pk_sign                    , 10 , 4096 , 122   
libgcrypt , 1.10.1  , gcc   , gcc (Debian 10.2.1-6) 10.2.1 20210110           , gcry_mpi_powm                   , 10 , 4096 , 121   
libgcrypt , 1.10.1  , gcc   , gcc (Debian 10.2.1-6) 10.2.1 20210110           , gcry_pk_sign_crt                , 10 , 4096 , 312   
libgcrypt , 1.8.10  , gcc   , gcc (Debian 10.2.1-6) 10.2.1 20210110           , gcry_pk_verify                  , 10 , 4096 , 35140 
libgcrypt , 1.8.10  , gcc   , gcc (Debian 10.2.1-6) 10.2.1 20210110           , gcry_pk_sign                    , 10 , 4096 , 122   
libgcrypt , 1.8.10  , gcc   , gcc (Debian 10.2.1-6) 10.2.1 20210110           , gcry_mpi_powm                   , 10 , 4096 , 123   
libgcrypt , 1.8.10  , gcc   , gcc (Debian 10.2.1-6) 10.2.1 20210110           , gcry_pk_sign_crt                , 10 , 4096 , 312   
openssl   , 3.0.7   , gcc   , gcc (Debian 10.2.1-6) 10.2.1 20210110           , BN_mod_exp_mont_consttime_x2    , 10 , 6144 , 52    
openssl   , 3.0.7   , gcc   , gcc (Debian 10.2.1-6) 10.2.1 20210110           , BN_mod_exp_mont                 , 10 , 6144 , 53    
openssl   , 3.0.7   , gcc   , gcc (Debian 10.2.1-6) 10.2.1 20210110           , BN_mod_exp_mont_consttime       , 10 , 6144 , 51    
openssl   , 3.0.7   , gcc   , gcc (Debian 10.2.1-6) 10.2.1 20210110           , EVP_PKEY_sign_crt               , 10 , 6144 , 179   
openssl   , 3.0.7   , gcc   , gcc (Debian 10.2.1-6) 10.2.1 20210110           , EVP_PKEY_sign                   , 10 , 6144 , 51    
openssl   , 3.0.7   , gcc   , gcc (Debian 10.2.1-6) 10.2.1 20210110           , EVP_PKEY_verify                 , 10 , 6144 , 18619 
gmp       , 6.2.1   , gcc   , gcc (Debian 10.2.1-6) 10.2.1 20210110           , mpz_powm                        , 10 , 6144 , 74    
gmp       , 6.2.1   , gcc   , gcc (Debian 10.2.1-6) 10.2.1 20210110           , mpz_powm_sec                    , 10 , 6144 , 32    
gmp       , 6.1.2   , gcc   , gcc (Debian 10.2.1-6) 10.2.1 20210110           , mpz_powm                        , 10 , 6144 , 70    
gmp       , 6.1.2   , gcc   , gcc (Debian 10.2.1-6) 10.2.1 20210110           , mpz_powm_sec                    , 10 , 6144 , 32    
gmp       , 5.1.3   , gcc   , gcc (Debian 10.2.1-6) 10.2.1 20210110           , mpz_powm                        , 10 , 6144 , 45    
gmp       , 5.1.3   , gcc   , gcc (Debian 10.2.1-6) 10.2.1 20210110           , mpz_powm_sec                    , 10 , 6144 , 38    
nettle    , 3.8.1   , gcc   , gcc (Debian 10.2.1-6) 10.2.1 20210110           , rsa_sha1_sign_digest            , 10 , 6144 , 124   
nettle    , 3.8.1   , gcc   , gcc (Debian 10.2.1-6) 10.2.1 20210110           , rsa_sha1_verify_digest          , 10 , 6144 , 24145 
mbedtls   , 3.3.0   , gcc   , gcc (Debian 10.2.1-6) 10.2.1 20210110           , mbedtls_rsa_public              , 10 , 6144 , 10503 
mbedtls   , 3.3.0   , gcc   , gcc (Debian 10.2.1-6) 10.2.1 20210110           , mbedtls_rsa_private             , 10 , 6144 , 91    
mbedtls   , 3.3.0   , gcc   , gcc (Debian 10.2.1-6) 10.2.1 20210110           , mbedtls_mpi_exp_mod             , 10 , 6144 , 29    
mbedtls   , 2.28.2  , gcc   , gcc (Debian 10.2.1-6) 10.2.1 20210110           , mbedtls_rsa_public              , 10 , 6144 , 10768 
mbedtls   , 2.28.2  , gcc   , gcc (Debian 10.2.1-6) 10.2.1 20210110           , mbedtls_rsa_private             , 10 , 6144 , 93    
mbedtls   , 2.28.2  , gcc   , gcc (Debian 10.2.1-6) 10.2.1 20210110           , mbedtls_mpi_exp_mod             , 10 , 6144 , 29    
libgcrypt , 1.10.1  , gcc   , gcc (Debian 10.2.1-6) 10.2.1 20210110           , gcry_pk_verify                  , 10 , 6144 , 16945 
libgcrypt , 1.10.1  , gcc   , gcc (Debian 10.2.1-6) 10.2.1 20210110           , gcry_pk_sign                    , 10 , 6144 , 39    
libgcrypt , 1.10.1  , gcc   , gcc (Debian 10.2.1-6) 10.2.1 20210110           , gcry_mpi_powm                   , 10 , 6144 , 39    
libgcrypt , 1.10.1  , gcc   , gcc (Debian 10.2.1-6) 10.2.1 20210110           , gcry_pk_sign_crt                , 10 , 6144 , 103   
libgcrypt , 1.8.10  , gcc   , gcc (Debian 10.2.1-6) 10.2.1 20210110           , gcry_pk_verify                  , 10 , 6144 , 16866 
libgcrypt , 1.8.10  , gcc   , gcc (Debian 10.2.1-6) 10.2.1 20210110           , gcry_pk_sign                    , 10 , 6144 , 39    
libgcrypt , 1.8.10  , gcc   , gcc (Debian 10.2.1-6) 10.2.1 20210110           , gcry_mpi_powm                   , 10 , 6144 , 39    
libgcrypt , 1.8.10  , gcc   , gcc (Debian 10.2.1-6) 10.2.1 20210110           , gcry_pk_sign_crt                , 10 , 6144 , 104   
openssl   , 3.0.7   , gcc   , gcc (Debian 10.2.1-6) 10.2.1 20210110           , BN_mod_exp_mont_consttime_x2    , 10 , 8192 , 22    
openssl   , 3.0.7   , gcc   , gcc (Debian 10.2.1-6) 10.2.1 20210110           , BN_mod_exp_mont                 , 10 , 8192 , 23    
openssl   , 3.0.7   , gcc   , gcc (Debian 10.2.1-6) 10.2.1 20210110           , BN_mod_exp_mont_consttime       , 10 , 8192 , 22    
openssl   , 3.0.7   , gcc   , gcc (Debian 10.2.1-6) 10.2.1 20210110           , EVP_PKEY_sign_crt               , 10 , 8192 , 81    
openssl   , 3.0.7   , gcc   , gcc (Debian 10.2.1-6) 10.2.1 20210110           , EVP_PKEY_sign                   , 10 , 8192 , 22    
openssl   , 3.0.7   , gcc   , gcc (Debian 10.2.1-6) 10.2.1 20210110           , EVP_PKEY_verify                 , 10 , 8192 , 10748 
gmp       , 6.2.1   , gcc   , gcc (Debian 10.2.1-6) 10.2.1 20210110           , mpz_powm                        , 10 , 8192 , 38    
gmp       , 6.2.1   , gcc   , gcc (Debian 10.2.1-6) 10.2.1 20210110           , mpz_powm_sec                    , 10 , 8192 , 14    
gmp       , 6.1.2   , gcc   , gcc (Debian 10.2.1-6) 10.2.1 20210110           , mpz_powm                        , 10 , 8192 , 35    
gmp       , 6.1.2   , gcc   , gcc (Debian 10.2.1-6) 10.2.1 20210110           , mpz_powm_sec                    , 10 , 8192 , 14    
gmp       , 5.1.3   , gcc   , gcc (Debian 10.2.1-6) 10.2.1 20210110           , mpz_powm                        , 10 , 8192 , 26    
gmp       , 5.1.3   , gcc   , gcc (Debian 10.2.1-6) 10.2.1 20210110           , mpz_powm_sec                    , 10 , 8192 , 17    
nettle    , 3.8.1   , gcc   , gcc (Debian 10.2.1-6) 10.2.1 20210110           , rsa_sha1_sign_digest            , 10 , 8192 , 53    
nettle    , 3.8.1   , gcc   , gcc (Debian 10.2.1-6) 10.2.1 20210110           , rsa_sha1_verify_digest          , 10 , 8192 , 15838 
mbedtls   , 3.3.0   , gcc   , gcc (Debian 10.2.1-6) 10.2.1 20210110           , mbedtls_rsa_public              , 10 , 8192 , 5903  
mbedtls   , 3.3.0   , gcc   , gcc (Debian 10.2.1-6) 10.2.1 20210110           , mbedtls_rsa_private             , 10 , 8192 , 42    
mbedtls   , 3.3.0   , gcc   , gcc (Debian 10.2.1-6) 10.2.1 20210110           , mbedtls_mpi_exp_mod             , 10 , 8192 , 13    
mbedtls   , 2.28.2  , gcc   , gcc (Debian 10.2.1-6) 10.2.1 20210110           , mbedtls_rsa_public              , 10 , 8192 , 6066  
mbedtls   , 2.28.2  , gcc   , gcc (Debian 10.2.1-6) 10.2.1 20210110           , mbedtls_rsa_private             , 10 , 8192 , 43    
mbedtls   , 2.28.2  , gcc   , gcc (Debian 10.2.1-6) 10.2.1 20210110           , mbedtls_mpi_exp_mod             , 10 , 8192 , 13    
libgcrypt , 1.10.1  , gcc   , gcc (Debian 10.2.1-6) 10.2.1 20210110           , gcry_pk_verify                  , 10 , 8192 , 10214 
libgcrypt , 1.10.1  , gcc   , gcc (Debian 10.2.1-6) 10.2.1 20210110           , gcry_pk_sign                    , 10 , 8192 , 18    
libgcrypt , 1.10.1  , gcc   , gcc (Debian 10.2.1-6) 10.2.1 20210110           , gcry_mpi_powm                   , 10 , 8192 , 18    
libgcrypt , 1.10.1  , gcc   , gcc (Debian 10.2.1-6) 10.2.1 20210110           , gcry_pk_sign_crt                , 10 , 8192 , 49    
libgcrypt , 1.8.10  , gcc   , gcc (Debian 10.2.1-6) 10.2.1 20210110           , gcry_pk_verify                  , 10 , 8192 , 10226 
libgcrypt , 1.8.10  , gcc   , gcc (Debian 10.2.1-6) 10.2.1 20210110           , gcry_pk_sign                    , 10 , 8192 , 18    
libgcrypt , 1.8.10  , gcc   , gcc (Debian 10.2.1-6) 10.2.1 20210110           , gcry_mpi_powm                   , 10 , 8192 , 18    
libgcrypt , 1.8.10  , gcc   , gcc (Debian 10.2.1-6) 10.2.1 20210110           , gcry_pk_sign_crt                , 10 , 8192 , 48    
